# iteration	testing	training
0001000	0.493796004206	0.504856136943
0002000	0.322397476341	0.339808182591
0003000	0.0805467928496	0.0870462547044
0004000	0.0628811777077	0.067378900085
0005000	0.0536277602524	0.0602464489499
0006000	0.0357518401682	0.042157338837
0007000	0.0414300736067	0.0463154060945
0008000	0.0296529968454	0.035540852252
0009000	0.0225026288118	0.0266784023309
